query_user,query_user_name,neighbors,same_user_neighbors,other_user_neighbors,same_user_fraction,same_user_mean_age,other_user_mean_age,same_user_mean_raw_distance,other_user_mean_raw_distance,same_user_mean_instance_distance,other_user_mean_instance_distance
0,0,181800,66870,114930,0.3678217821782178,1074.9598923283984,1267.6855129209084,8.594950322326174,16.492732271957905,1.1418442056106668,1.2965107368795905
1,1,181800,133812,47988,0.736039603960396,815.5478432427585,1347.68192048012,15.991431080400222,22.519282516622738,0.7170326249922906,1.0520652568547977
2,2,181800,159990,21810,0.8800330033003301,1047.1396962310143,896.2806052269601,1.5355157389187655,24.56357909518062,1.0033614254383767,1.39901218756193
3,3,181800,113210,68590,0.6227172717271727,662.770779966434,929.2580259513048,65.90418485363995,78.1888854943206,0.5241964884063516,0.5790503356339094
4,4,181800,58033,123767,0.3192134213421342,691.0935502214257,896.7567122092319,36.1153962017636,39.2952254378868,0.6917081805125772,0.7931843207364103
5,5,181800,145739,36061,0.8016446644664467,743.1255600765752,649.2292504367599,111.03575392107523,142.20168536703954,0.5278021023742309,0.6220937309146857
6,7,181800,155830,25970,0.8571507150715072,724.7367002502727,1095.3555641124374,127.73741244047007,142.6295302128489,0.5776355731663606,0.7282136200802759
7,8,181800,36500,145300,0.20077007700770078,775.8174246575343,1046.0123331039229,55.21448519542119,59.527818317072025,0.7618392082991665,0.9179067550645724
8,9,181800,14041,167759,0.07723322332233223,735.5031692899366,1091.1834715276082,74.08170701893516,74.51950135085858,0.8292918525592153,0.9310669043049635
9,10,181800,61656,120144,0.33914191419141915,617.8551965745427,843.8955253695565,23.86203490806118,26.246970373727873,0.6266148136867049,0.6701219416834798
10,11,181800,107759,74041,0.5927337733773377,1242.1251125196038,1265.3949028241109,68.9662125918748,90.17565028235089,0.42118074701512254,0.5649317035334074
11,12,181800,72881,108919,0.40088558855885587,823.2917770063528,1251.5085889514226,33.23420858296243,43.8398244114227,0.5709746777434492,0.7352325875373278
12,13,181800,91632,90168,0.504026402640264,651.8847564169722,952.4338568006389,20.24630431181185,27.008950153986614,0.5139776469821864,0.6592062445227382
13,14,181800,155092,26708,0.8530913091309131,659.5671730327805,655.8349558184814,24.382408051906555,29.461434674330846,0.5002799970902025,0.5651687683438013
14,15,181800,70770,111030,0.38927392739273925,751.2427299703264,978.0496082139962,172.99473931718313,212.94732276636836,0.542896221403569,0.7372988090647842
15,16,181800,181435,365,0.9979922992299229,703.6269297544575,205.74246575342465,6.41070970226524,17.542237796522166,0.7218133264234212,0.8271332639537445
16,17,181800,26685,155115,0.14678217821782177,738.0721753794267,976.5274538245818,28.250243033812424,29.842069430071977,0.7694169239078051,0.800765103093853
17,18,181800,142577,39223,0.7842519251925193,760.4192541574026,1035.9417688601077,95.15749945921127,117.63447158452071,0.5246736169332952,0.6571970266045847
18,19,181800,92731,89069,0.510071507150715,1121.191144277534,1157.4233010362752,29.412052358139494,33.15683475108885,0.569951548414737,0.7931910778974027
19,20,181800,180915,885,0.9951320132013202,731.0548710720504,377.5728813559322,8.615824225962111,14.6390709957834,0.5854704892202433,0.8327397861723173
20,21,181800,113618,68182,0.6249614961496149,716.2605221003714,1176.6050863864364,154.46468392036905,172.05387858891856,0.5782626377018855,0.6860047645714105
21,22,181800,106695,75105,0.5868811881188118,602.6268522423732,733.3026562812063,15.813047497627455,18.852428721524486,0.5666729193771393,0.6228874329287825
22,23,181800,118749,63051,0.6531848184818482,633.7763181163631,776.5671599181615,13.997137956096685,16.987132451598214,0.5833846109865237,0.6560377886320049
23,24,181800,75659,106141,0.41616611661166114,859.1526718566198,822.9405790410868,40.54017717146688,45.07958519400705,0.5586303646596563,0.638139915498486
24,25,181800,90648,91152,0.4986138613861386,1225.6288059306328,1216.4083728278042,64.93361900266424,101.7072493580113,0.5040675643063814,0.9122276541943537
25,26,181800,119497,62303,0.6572992299229923,757.8124973848716,1161.6014638139416,48.41730396169205,60.754636015124454,0.5935211385620821,0.6017921795913416
26,27,181800,173026,8774,0.9517381738173817,714.4390785199912,1943.786642352405,11.381170282913633,13.661204300791956,0.6932172980494747,0.7520782008974325
27,28,181800,81673,100127,0.4492464246424642,588.7424240569098,765.0515045891717,79.44211404278302,88.2802430974232,0.7299600198105767,0.8004882325700656
28,29,181800,80689,101111,0.44383388338833885,1215.7335944180743,1172.6213765070072,57.351235441323645,67.85984212245293,0.5497515038704595,0.7021674991760478
29,30,181800,85919,95881,0.4726017601760176,584.5121102433687,903.4096014851743,61.365150150947336,97.71324020597243,0.571464929280206,0.7604058332984249
30,31,181800,124021,57779,0.6821837183718372,974.2241717128551,1009.7213174336697,59.94830157217167,78.16197999946202,0.5607858256743471,0.6832604014544837
31,32,181800,116781,65019,0.6423597359735974,701.5054846250674,996.1766252941447,76.99123849179617,87.03276566302272,0.561331032663414,0.7011451240886272
32,33,181800,67862,113938,0.37327832783278325,612.7617812619728,993.4407133704295,25.3153838214035,28.617248208269725,0.6629634177337671,0.6548540629040425
33,34,181800,111547,70253,0.6135698569856985,779.7634360404135,1274.532105390517,656.1825408608613,733.6190752975831,0.5353300970330614,0.5930601913765273
34,35,181800,113687,68113,0.6253410341034104,693.2657559791357,1033.1444511326765,19.034630171682462,23.73352294490241,0.5661176132811051,0.6106861595781916
35,36,181800,77405,104395,0.42577007700770075,1140.6401136877462,1256.0277407921835,111.00638576638413,132.4836675291757,0.5326921270486343,0.7312313321184407
36,37,181800,139796,42004,0.768954895489549,566.5659103264758,1045.9489572421674,88.99062543539003,114.33380856671545,0.6799561949930459,0.7750003105140325
37,38,181800,131061,50739,0.720907590759076,942.1319843431685,1080.7114054277774,22.332950640881343,25.287709171694612,0.6499155963957799,0.7961663153884413
38,39,181800,142435,39365,0.7834708470847085,769.791975286973,1238.1238155722087,11.298440621347549,14.454292095653836,0.6800388552454836,0.9202653157533873
39,40,181800,156776,25024,0.8623542354235424,779.5147216410675,1205.4677109974425,511.79801169355204,637.1669847776213,0.519124702750213,0.6281875007168944
40,41,181800,127711,54089,0.7024807480748074,775.0740343431654,1122.9660744328792,108.0179125715656,123.87168344666486,0.5013243873281529,0.602089047673278
41,42,181800,97742,84058,0.5376347634763476,587.3493073601932,1037.578433938471,37.10040513877527,43.63786870276194,0.6469700718307893,0.7581312524788487
42,43,181800,132025,49775,0.7262101210121013,603.9716114372278,840.0337518834756,20.706182583428042,24.197056726966295,0.6384970030071744,0.7181175120489972
43,44,181800,159822,21978,0.8791089108910891,704.9011525321921,1017.000273000273,49.501776941573475,61.83081092230453,0.4743467098500161,0.6243890422562557
44,45,181800,158152,23648,0.8699229922992299,691.9119328241186,846.7895805142084,34.796178938640715,43.3932426336331,0.5283910197750578,0.6297093036575734
45,46,181800,94455,87345,0.5195544554455446,571.7069080514531,1016.6050489438434,15.174131292734181,22.32484099916413,0.612246398775973,0.8922736567650194
46,47,181800,139711,42089,0.7684873487348735,587.3873352849812,955.3236237496733,19.728524550852615,24.155644694307938,0.46496196716003996,0.5554623206716132
47,48,181800,121745,60055,0.6696644664466447,695.5117006858598,1221.4359503788194,26.89475839522356,34.89951782639443,0.5531916074789844,0.7612843522639628
48,49,181800,96603,85197,0.5313696369636963,555.7526784882457,969.1389133420191,57.31294774919813,68.03217409616295,0.5225770153861785,0.6407476064139429
49,50,181800,108267,73533,0.5955280528052805,896.752583889828,1221.9852311207212,99.43875142555456,110.2537048675179,0.9400761930629193,1.1392856254903556
50,51,181800,154859,26941,0.8518096809680968,589.6103164814444,1060.8568353067815,15.708646673917215,21.095401302848945,0.6485772059693216,0.8088540571276911
51,52,181800,103818,77982,0.5710561056105611,734.8089926602323,989.1870431638071,59.911330021303364,69.702325497626,0.7400161779471236,0.8943314315041172
52,53,181800,104763,77037,0.5762541254125413,615.2057501217033,793.989485571868,32.56754504918458,36.570738364945264,0.6376657882341934,0.6307993380890514
53,54,181800,143094,38706,0.7870957095709571,629.5903392175773,701.875678189428,16.86384524066375,20.29205761097238,0.5158170240117902,0.6312775291956371
54,55,181800,88782,93018,0.4883498349834984,879.855105764682,1423.2938141004968,958.4324659824597,1108.1718603242136,0.596901934192359,0.742158080731234
55,56,181800,57992,123808,0.318987898789879,566.8957097530694,736.955350219695,40.934128472189656,43.533962304338246,0.6051103216811146,0.65637832942341
56,58,181800,124188,57612,0.6831023102310231,581.9085902019518,1103.2609872943137,131.11257785506288,179.57777708281762,0.5533687122307503,0.7314069001991484
57,59,181800,86565,95235,0.47615511551155115,724.4980765898458,1074.8287919357379,108.21454105852024,175.73095461197047,0.6572968757889999,0.7635550149649205
58,60,181800,152105,29695,0.8366611661166117,658.6011505210216,927.0045462199023,97.60671877331379,113.84165716548624,0.6724205457162216,0.7191446919857923
59,61,181800,108669,73131,0.5977392739273928,683.3790685476079,738.1098576527054,20.852865272114208,26.327230095734567,0.5651217992513373,0.5706993669768236
60,62,181800,150769,31031,0.8293124312431243,648.1139756846567,749.2399213689537,22.089589073781507,29.85206061647162,0.41541350013476286,0.5355058245562296
61,63,181800,123192,58608,0.6776237623762377,701.3621663744399,955.555692055692,51.1633137894711,60.084660609563194,0.5714367146287033,0.6319177009464286
62,64,181800,146728,35072,0.8070847084708471,683.5534594624066,1398.3962135036497,31.79977175491495,76.8318519693439,0.4025435575568574,0.863108517202705
63,65,181800,120990,60810,0.6655115511551155,697.0681874535086,1197.9248149975333,46.56607455220417,57.30306086829571,0.610585833268034,0.6237276156022936
64,66,181800,138835,42965,0.7636688668866887,596.058803615803,815.865378796695,25.259907106230624,32.737515121392484,0.6237483377186966,0.626105601364723
65,67,181800,88728,93072,0.4880528052805281,605.363808493373,930.4254770500257,33.34686811801579,38.705808165640235,0.5556549653219458,0.6182109211921021
66,68,181800,86102,95698,0.4736083608360836,1086.3477271143527,1232.6238792869235,36.50537675088996,42.0125723455156,0.620483272485981,0.8179928364839102
67,69,181800,149335,32465,0.8214246424642464,638.3161080791509,932.5513630063145,21.229905257760034,25.7147950749799,0.7078128272899087,0.8007422467895929
68,70,181800,92419,89381,0.5083553355335534,591.8338869712937,1157.3490562871305,20.439193052981327,43.55309453334226,0.5925224645744881,0.8575371580172129
69,71,181800,148041,33759,0.8143069306930693,661.7585668834985,1458.6233004532126,13.221850208918042,17.562487641754913,0.5779116227953341,0.7966468662598245
70,72,181800,130710,51090,0.718976897689769,640.8809731466605,868.5416324133881,60.84800110010663,69.58011415466261,0.5276020900040885,0.6425588969627596
71,73,181800,154209,27591,0.8482343234323433,586.6899597299769,963.522018049364,20.707559490487718,28.620598388588366,0.4917198744839842,0.6422831817577318
72,74,181800,138248,43552,0.7604400440044005,644.0031826861872,764.5657604702425,35.80461301822076,43.936409012829884,0.5058995748434458,0.5618962243303361
73,75,181800,82148,99652,0.45185918591859187,1109.6050055996493,1242.106691285674,178.5980867828965,226.25514732668307,0.47667006264477585,0.6900495314636483
74,76,181800,144608,37192,0.7954235423542354,743.6396879840672,983.4385889438589,73.60614654980394,93.68818040785418,0.66527221108531,0.7131949264414338
75,77,181800,152414,29386,0.8383608360836083,737.7919088797616,1385.0701694684544,301.9762099253025,602.1961959322729,0.5597429049088645,0.9513415498583586
76,78,181800,111419,70381,0.6128657865786579,795.4979312325546,994.2303746749833,81.13968153623598,108.26439379896428,0.551691792804959,0.7360306935987296
77,79,181800,62689,119111,0.3448239823982398,930.2784220517157,1146.4917933692102,126.59162256945835,134.82780581148108,0.7032653112691528,0.7653783373880902
78,80,181800,67565,114235,0.3716446644664466,848.1503737142011,737.9407011861514,145.24383644799022,152.6364025433705,0.5951235354471585,0.6987743505125793
79,81,181800,74477,107323,0.40966446644664467,1213.5579037823757,1263.2811233379612,211.03210211384717,271.64215399342066,0.6401379275119402,0.9072216461334223
80,82,181800,165192,16608,0.9086468646864686,912.6763039372366,1263.5,100.04505846713526,125.85625675647934,0.7045393047831335,0.8994800551634763
81,83,181800,71418,110382,0.3928382838283828,1195.22708560867,1229.9703212480297,185.15996038662348,187.26791419049556,0.8103289157390033,1.016324290832834
82,84,181800,16982,164818,0.09341034103410341,1031.3371805441054,1241.039012729192,81.7415000959106,87.37433184630072,0.9533822230126886,1.0982160666548912
83,85,181800,94092,87708,0.5175577557755776,1076.500956510649,1175.5427555069093,27.67552845123719,35.82966039606662,0.48262371144533484,0.7146790481248573
84,86,181800,154700,27100,0.8509350935093509,1131.6988235294118,1143.1740221402215,15.64153578338734,19.39888469393403,0.6480937633089813,0.8493903106231091
85,87,181800,54113,127687,0.29765126512651263,1075.2934045423465,1261.2156288424037,205.67934920902235,234.99186370306057,0.422112991250637,0.6726686177877362
86,88,181800,175037,6763,0.9627997799779978,791.2294200654719,695.4322046429099,429.4325487149514,730.9668906794379,0.23807338696830793,0.37416825210062793
87,89,181800,95596,86204,0.5258305830583059,780.3396794844973,975.1287643264814,922.5675450953845,938.6132536576545,0.2775608708541014,0.30795212125797283
88,90,181800,160923,20877,0.8851650165016501,652.2325832851736,1090.8762753269148,63.63550042062165,102.92235914313395,0.32824349065509467,0.508078072711689
89,91,181800,113166,68634,0.6224752475247525,669.1291023805737,963.0394265232975,411.7551464934791,604.769693926824,0.23690255890440842,0.28117364450646964
90,92,181800,172504,9296,0.9488668866886689,588.1944998376849,1462.3321858864028,978.9887168999976,1196.0496282003012,0.5960876793229049,1.0373606727091458
91,93,181800,150574,31226,0.8282398239823983,881.2640163640469,1170.984179850125,527.7338656446086,669.8110216448968,0.19378763950777003,0.25696593287907277
92,94,181800,166910,14890,0.9180968096809681,707.5034929003655,1007.6131631967763,349.9088357934671,748.041788797782,0.2158910435783835,0.39448350725796816
93,95,181800,117141,64659,0.6443399339933994,778.9814326324686,1466.377766436227,183.17028390465597,242.37592572606454,0.34103136621783564,0.3742420130859226
94,96,181800,137792,44008,0.7579317931793179,966.8095680445889,1174.0890747136884,268.1801530222975,278.10571296413127,0.597546475930585,0.8783734032728145
95,97,181800,126533,55267,0.696001100110011,657.9664119241621,1055.1644923733875,60.31932380697192,74.4263870644009,0.4973950388565179,0.6263609128358825
96,98,181800,78021,103779,0.42915841584158415,899.5199753912408,1127.5113462261152,67.89059638595684,73.62027816626164,0.74261840377887,0.944842851969252
97,99,181800,105605,76195,0.5808855885588559,1169.1507788456986,1280.626392807927,60.08901453657497,69.191041328685,0.6107893204782886,0.7605923623861591
98,100,181800,181565,235,0.9987073707370737,1091.8566463800842,238.36595744680852,207.4815791127886,355.89916927256485,0.39957741671353,0.8247387949456559
99,101,181800,181565,235,0.9987073707370737,974.7440751246111,248.06808510638297,27.825821062636955,59.545761546682805,0.3451199106558777,0.7541776537895203
100,102,181800,179158,2642,0.9854675467546755,790.1221491644247,1654.800908402725,30.30518915404667,42.52191245709289,0.3851485001770084,0.6351072679271669
101,103,181800,94031,87769,0.5172222222222222,1192.9100828450191,1274.1982248857796,352.9394155817679,425.43016156783114,0.5203113193612421,0.7277482262819017
102,104,181800,73661,108139,0.4051760176017602,802.2045858731215,1241.8357114454545,68.56114273248919,70.97864318552539,1.0767592101974834,1.108762884419135
103,105,181800,115858,65942,0.6372827282728273,1225.5844913601131,1302.1173758757695,145.08064797935862,195.57769529380775,0.6114208815674429,0.9290861434329973
104,107,181800,126280,55520,0.6946094609460947,1206.567120684194,1181.0377521613832,45.067620366345416,59.75163934704893,0.6990518988188891,1.0709950436958748
105,108,181800,180041,1759,0.9903245324532454,1116.8894640665183,465.91927231381464,23.40147073879593,36.675886506584305,0.3451315086637472,0.5431676602383918
106,109,181800,156214,25586,0.8592629262926292,1160.2631262242821,1221.9016649730322,92.61557984521218,119.00063284673655,0.28862871765136117,0.48606676044740305
107,110,181800,97444,84356,0.535995599559956,1101.8865399614137,1419.0305846649912,43.52952562927353,56.77795521624765,0.35775078329108606,0.5018002699257396
108,111,181800,53540,128260,0.2944994499449945,617.3334329473291,1325.736160923125,68.04865522259956,79.10078256419087,0.6045723096070603,0.7046551045886016
109,112,181800,43857,137943,0.24123762376237623,859.5219919283124,1373.6882625432245,271.11208374035965,294.45176099148904,0.5745229123181351,0.6604916272218146
110,114,181800,148321,33479,0.8158470847084709,804.2272638399148,1247.9440843513844,5.112720475845863,11.563041938768748,1.1560706152917546,1.2655341874695354
111,115,181800,77764,104036,0.42774477447744774,749.1247363818734,1223.0214156638087,29.472409719707336,64.39136307322217,0.9815170100537184,1.0977110946364408
112,116,181800,93668,88132,0.5152255225522552,729.4221292223598,1388.9998638406028,107.83832021726208,117.43199958250698,0.9708478339781635,0.9798205575811437
113,117,181800,151433,30367,0.8329647964796479,874.4860631434364,1394.6041426548557,15.523107866439748,18.01495707592895,0.9674141868275579,1.0510018663477505
114,118,181800,138833,42967,0.7636578657865787,680.7975049159782,1288.5911513487094,18.033890319863318,23.018522722841453,1.1367890757628378,1.1472711991747193
115,119,181800,181202,598,0.9967106710671068,691.7123652056821,1010.7290969899666,616.4086293124217,1383.4837964928668,0.9006547018545323,1.1529997271239558
116,120,181800,181565,235,0.9987073707370737,1069.6391485143063,263.6936170212766,70.60506993595966,319.6761665506566,0.7955713193521908,0.9790286982313116
117,121,181800,155311,26489,0.8542959295929593,914.7478285504568,1200.1313752878552,7.231395082158261,6.906817300389247,1.2255581195334075,1.3897065578003316
118,122,181800,149808,31992,0.824026402640264,839.088433194489,1332.5671417854464,7.903658270897945,10.57394470741344,1.2185163135469934,1.3068056095649552
119,123,181800,103165,78635,0.5674642464246424,1122.3748364270828,1299.7928149043048,76.3898701075125,104.08332281820331,0.39066898022948365,0.5891404615822331
120,124,181800,123858,57942,0.6812871287128713,1200.853364336579,1329.7090193641918,102.24543838637724,168.49747085926805,0.3471663633965437,0.5338408975251789
121,125,181800,137365,44435,0.7555830583058306,796.7951079241437,1340.3002137954315,13.923486590749057,15.764524685718136,1.2348378557277246,1.278052948904719
122,126,181800,90816,90984,0.4995379537953795,1124.0991014799154,1250.7021893959377,174.8054895151493,201.2606168252376,0.46662491887520374,0.49698466234610755
123,128,181800,122873,58927,0.6758690869086909,1097.3179787260017,1106.710879562849,1155.6391771378355,1634.3283097678889,0.6180194451789274,0.8974319977340097
124,129,181800,103997,77803,0.5720407040704071,1146.84631287441,1118.1927689163656,113.08552546827481,144.16105245797092,0.5672155405311207,0.8091464957873693
125,130,181800,69067,112733,0.3799064906490649,1047.5601951728033,1172.8130006298068,101.38815791399102,116.8421122703313,0.6824135405559897,0.9342006914250262
126,131,181800,177215,4585,0.9747799779977998,888.1133538357362,858.859760087241,877.0018216531587,2772.857753261953,0.8182010098854348,1.326025919513848
127,132,181800,131064,50736,0.7209240924092409,1233.6540926570226,1189.2180700094607,276.1478758381013,465.9732191650622,0.4612367994326586,0.938754303107706
128,133,181800,143757,38043,0.7907425742574258,1111.4622592291157,1394.7657124832426,1084.8466705014664,1344.2844665076516,0.8453495294334347,1.0789217055196425
129,134,181800,140514,41286,0.7729042904290429,1019.9186984926769,1197.0748437727075,141.9441812644674,206.72438755117633,0.5203930096618893,0.8457077178319619
130,135,181800,178195,3605,0.9801705170517052,760.0646931732091,923.2443828016643,487.0607153064451,652.6951238920553,0.31992210174475544,0.4340755605085878
131,136,181800,161505,20295,0.8883663366336634,625.3745704467354,1200.029563932003,53.164539522064906,63.59656452067117,0.3177399096062765,0.42297565088568134
132,137,181800,159052,22748,0.8748734873487348,752.8639690164223,1260.9695797432742,15.33250633849946,18.433369013637236,0.3507267455943627,0.3934575883566505
133,138,181800,165611,16189,0.910951595159516,776.8540495498487,1595.7665081227995,89.44073266672821,108.75684076754908,0.38566807268316733,0.461503247226085
134,139,181800,108893,72907,0.5989713971397139,796.433563222613,983.6685091966477,58.66633221420287,69.11680373963425,0.39746902027063613,0.4486121981741281
135,140,181800,130127,51673,0.7157700770077008,698.1016391678899,1054.6809358852786,51.2569429092859,86.90127779706475,0.2960851179002942,0.43880370778762295
136,141,181800,122410,59390,0.6733223322332234,737.7371783351033,1145.0772183869337,80.5004035965912,88.68977310327111,0.33179412393734625,0.4132765277369614
137,142,181800,134479,47321,0.7397084708470847,687.1111177209824,1198.2299613279517,37.25815126458356,43.432344147324734,0.3374793897759138,0.4172626689241114
138,144,181800,166556,15244,0.9161496149614962,697.1444078868369,1513.6279191813173,20.043298468825775,25.38109781891616,0.3380312835688966,0.4274003050245816
139,145,181800,161030,20770,0.8857535753575357,914.121145128237,1398.4165623495426,39.453432532730204,41.90670966624525,0.3127820684611964,0.3690696408284302
140,146,181800,85473,96327,0.4701485148514851,814.0732161033309,1129.4201625712417,20.7633598035988,43.7293255517029,0.8344198719489729,0.540910180323616
141,147,181800,169233,12567,0.9308745874587459,713.7430642959706,1107.8863690618286,11.549009378551489,20.62669384943383,0.3343659867716551,0.45090872524575193
142,148,181800,94087,87713,0.5175302530253025,641.2288201345563,1235.8934251479257,179.44120726541348,199.1433179157604,0.3940969785449304,0.48124988041213773
143,149,181800,104473,77327,0.5746589658965897,870.3573937763824,1252.1195442730223,140.91546496481604,199.08439986625956,0.42453132906685953,0.4882979735419707
144,150,181800,152311,29489,0.8377942794279428,689.1766451536658,1347.174064905558,711.0740079490743,748.6912307167487,0.35532403063275864,0.35655166662767357
145,151,181800,90804,90996,0.4994719471947195,708.3462402537333,1264.488197283397,199.1564414562586,234.53786800893786,0.36913911959682955,0.4498501096625444
146,152,181800,119810,61990,0.659020902090209,712.5532092479759,1198.6515244394257,104.65637343428726,140.5214222095266,0.42533520968927385,0.4736582025633183
147,153,181800,125418,56382,0.6898679867986799,673.2049944983974,1143.7428966691498,984.9328891705668,1372.9674517710116,0.37582522980806676,0.5107347566977596
148,154,181800,101034,80766,0.5557425742574258,804.4406437436902,1205.1987222346036,214.8734999888748,240.7667612904671,0.37789161507459346,0.42011117107080076
149,155,181800,181395,405,0.9977722772277228,752.9761680310924,1017.3037037037037,10985.294763743153,37226.855787037035,0.41930983795585797,0.526422252331251
150,156,181800,98370,83430,0.5410891089108911,754.0384263494968,1242.6005034160373,64.1351424421299,73.06242376307168,0.3184157827764347,0.36968593155092494
151,157,181800,100676,81124,0.5537733773377338,687.1185982756566,1311.7294019032593,116.66184576595255,155.81306579911106,0.3633368852635221,0.4551356330653186
152,158,181800,90971,90829,0.5003905390539054,522.2315683019864,1185.5475233680872,193.22798127468968,251.07974878108368,0.3090371332036516,0.4489435519305398
153,159,181800,135984,45816,0.747986798679868,759.9426403106248,1202.8203247773704,300.2829286294455,379.3382788635329,0.28249624068089946,0.3769327662842908
154,160,181800,117019,64781,0.6436688668866887,725.4670096309146,1229.1103873049196,128.21305155424636,155.8562531516521,0.39330042477529903,0.46054669199052656
155,161,181800,142801,38999,0.7854840484048404,830.6642670569533,1266.866329905895,92.87322294859908,122.91024969135138,0.36231279278910367,0.4504539120603535
156,162,181800,153171,28629,0.8425247524752475,648.2303308067454,1119.45845122079,198.81735471098895,313.7850815869847,0.2898356320611156,0.4571496588818672
157,163,181800,63024,118776,0.3466666666666667,799.6846915460777,1046.0715296019398,321.2527170176432,392.86141624021604,0.3525685270656894,0.3742932540440402
158,164,181800,165190,16610,0.9086358635863586,870.7947938737211,1450.5652016857314,199.16608094703747,242.50231241666,0.35776615814418655,0.44211353800118797
159,165,181800,97094,84706,0.5340704070407041,809.8369827177786,1417.7376809198877,90.72436578748135,107.14067153150665,0.3488462055927092,0.400826226175148
160,166,181800,85715,96085,0.47147964796479647,816.1511987400105,1127.5206744028724,372.228715989999,454.11092974300556,0.35781425394012223,0.4043158284088833
161,167,181800,172354,9446,0.9480418041804181,816.2480012068186,470.66779589244123,2619.4613233044147,3822.120600868175,0.3497937211456957,0.44188709941337906
162,168,181800,134225,47575,0.7383113311331133,751.4572099087353,1334.666358381503,233.58084217914902,313.0833088973542,0.318764448203084,0.447778681070004
163,169,181800,149747,32053,0.8236908690869087,683.8037489899631,1793.344273546938,243.45050297762805,340.13385931586333,0.34236317581519593,0.4702125008409787
164,170,181800,136979,44821,0.7534598459845985,989.5490549646296,1347.7568104236852,79.77497027958191,107.20450230512468,0.362713045823936,0.45569936497971963
165,171,181800,153421,28379,0.8438998899889989,841.420874586921,1212.9526762747103,126.15066981443819,164.4281932102659,0.2882733713125026,0.38092553669127927
166,172,181800,152647,29153,0.8396424642464246,847.5081462459137,1114.9129077624943,425.7832136268318,565.2164255713442,0.40743161932101446,0.4784796727931189
167,173,181800,108600,73200,0.5973597359735974,809.8486187845303,1013.4554098360655,150.7357188134167,242.00201795755189,0.30920362810225227,0.4116948025046639
168,174,181800,145647,36153,0.8011386138613862,818.2593256297761,1232.1891959173513,137.72209036751389,179.50578216096065,0.3244675947888006,0.4138277954837018
169,175,181800,159552,22248,0.8776237623762376,769.3052045728039,1207.7831715210357,742.1131495168254,1096.6525680969962,0.2421950489484969,0.41289356832869056
170,176,181800,125361,56439,0.6895544554455445,696.0377150788523,1280.963589007601,100.47973916794606,123.33193207665776,0.3216071598917471,0.37679412293557496
171,177,181800,167558,14242,0.9216611661166116,855.1187767817711,1208.6566493470018,514.1612528418477,679.7129286294773,0.34210065510890336,0.4829919237720382
172,178,181800,96669,85131,0.5317326732673268,609.9595940787636,1207.2709588751454,257.0457802224906,316.3416787535003,0.3906233219101153,0.4872718528404075
173,179,181800,160765,21035,0.8842959295929593,757.407097315958,1063.5428571428572,1532.7267589239386,1816.1741629464286,0.3082830199458471,0.38154333153784287
174,180,181800,114346,67454,0.628965896589659,713.7900057719553,1095.354463782726,65.06453631272973,84.046980932753,0.3103145227498733,0.3879069733687553
175,181,181800,132547,49253,0.7290814081408141,677.8139075195968,902.4502872921446,374.3134213123458,458.5112743844328,0.27624635718958435,0.3731924366819564
176,183,181800,128957,52843,0.7093344334433443,710.1524384097024,1173.1841114244082,126.72333969370254,158.73973355274234,0.33727842399097774,0.4246367746520845
177,184,181800,140399,41401,0.7722717271727173,787.1023582789052,1245.0476075457113,182.03669658312538,242.1746608267625,0.4413604394581781,0.5301990742889402
178,185,181800,138344,43456,0.7609680968096809,714.2329844445729,1101.3418630338733,105.33545380808361,143.6742654938761,0.2761205032717516,0.3870791819122166
179,186,181800,175789,6011,0.9669361936193619,697.4607057324406,1427.4749625686243,2151.371573263928,3337.1531506609626,0.2651863313381454,0.35838211324940383
180,187,181800,168889,12911,0.928982398239824,762.4981141459775,851.4878785531718,282.93035666203394,463.0482488583008,0.25087850620407365,0.43419103525811537
181,188,181800,73272,108528,0.403036303630363,853.773010153947,1207.1764705882354,39.92581720156419,53.7630551873838,0.4034898246254417,0.4571990716019427
182,189,181800,138644,43156,0.7626182618261826,592.9366146389314,981.4535174714988,302.8753708704349,355.5714541905582,0.3566235514477363,0.4282622119521109
183,190,181800,159855,21945,0.8792904290429043,721.1195646054236,1081.0597402597402,35.07364062694989,49.79208558456967,0.28405925959161316,0.3923725742160065
184,191,181800,125338,56462,0.6894279427942794,725.0892147632801,1253.539867521519,51.91992950974163,66.68934478724633,0.2642133324575267,0.3290591043296789
185,192,181800,93810,87990,0.516006600660066,763.0096578189958,878.7908625980225,39.67072778552748,46.48465138145002,0.3755587638739698,0.42617209442658427
186,193,181800,114888,66912,0.6319471947194719,748.8853143931481,1217.7051649928264,482.9120982564365,485.05786413464574,0.4470201610685397,0.5289714922438122
187,194,181800,93516,88284,0.5143894389438944,794.5520338765559,1225.9293190159033,57.53070944955317,72.00763655311633,0.3811529198318619,0.4241241471736693
188,195,181800,103888,77912,0.5714411441144115,821.4346989065147,1280.7504877297463,35.26924035087602,42.232762495293144,0.3664533791008774,0.4152927635082083
189,196,181800,129263,52537,0.711017601760176,778.9911730348205,1134.6179644821746,157.96047008016816,181.03681954513948,0.42357835370985614,0.48003879047902304
190,197,181800,73376,108424,0.4036083608360836,673.4041648495421,1070.9889323397033,42.50953027188804,53.92413120434081,0.3819465569498296,0.4323917372105619
191,198,181800,115220,66580,0.6337733773377338,614.5514320430481,1070.217963352358,156.4896323495556,200.15879284499752,0.34194091765691453,0.44620073703575075
192,199,181800,162117,19683,0.8917326732673267,879.5089472418068,1442.286236854138,1109.9784956735664,1659.7632605334593,0.38140600532389096,0.4025336141942545
193,200,181800,109738,72062,0.6036193619361936,764.4371138529954,1232.3534733979075,95.1965773409918,115.94162723855383,0.47063576922790984,0.525989333570743
194,201,181800,111947,69853,0.6157700770077008,789.9851894199934,1259.3559618055058,55.42880049870118,63.411559180950704,0.31810802729588517,0.38031275168046536
195,202,181800,108036,73764,0.5942574257425742,716.3163389981117,996.2768830323735,63.56905084795219,85.36261038249876,0.3526845974871467,0.4221357348820508
196,203,181800,144083,37717,0.7925357535753575,727.903611113039,1374.4338096879392,73.90807492183151,89.18365624167335,0.4187896186097348,0.46639084932764097
197,204,181800,110771,71029,0.6093014301430143,533.3884139350552,1077.0387306593082,232.24359634710316,301.87983069235713,0.3318408163775965,0.4191237051469951
198,205,181800,115479,66321,0.6351980198019802,694.7810770789495,1069.275433120731,251.06763378825752,356.8075889154517,0.38484135167185224,0.4802020916729054
199,206,181800,110350,71450,0.606985698569857,680.6486995922066,1280.173100069979,59.478644205066594,73.1034141057884,0.2877889419663368,0.34542118490889323
200,207,181800,111895,69905,0.6154840484048405,695.6791277536977,1250.1310063657822,36.13212917686185,49.68729925880735,0.431837903695535,0.5759835075883597
201,208,181800,135465,46335,0.7451320132013202,784.9037315911859,983.7104564584008,30.333894171046158,36.583343771575045,0.2919289194010326,0.3501142820172728
202,209,181800,155317,26483,0.8543289328932894,730.2389822105758,1273.0566778688215,29.59654886363656,40.66078274924243,0.33339245437856574,0.42862410694546416
203,210,181800,149315,32485,0.8213146314631463,810.7267990489904,1170.000184700631,76.6892964076354,105.53861965809453,0.250872134627742,0.3571210848091565
204,211,181800,125328,56472,0.6893729372937294,978.121600919188,1451.7811304717382,157.00391491439842,201.23410082896922,0.3317955662706242,0.41049181293780074
205,212,181800,151587,30213,0.8338118811881188,810.9389855330602,1091.7676496872207,82.13938890113764,102.07973620777385,0.2709140870539397,0.34929686704450713
206,213,181800,146739,35061,0.8071452145214522,755.0076257845562,1217.9467784718063,50.757491181562415,61.33488412620249,0.2908400158529556,0.352877138277563
207,214,181800,152157,29643,0.836947194719472,716.866972929277,1031.2025098674223,54.81640657757504,63.11847935778785,0.3219816662592046,0.38363678468100937
208,215,181800,126772,55028,0.6973157315731573,883.8329599596125,1204.386712219234,42.81623914337856,52.60698386022689,0.29078247780399635,0.35746605095707495
209,216,181800,158688,23112,0.8728712871287129,748.6618269812462,953.6739356178608,51.990990126065654,64.89918486722904,0.42554662570428314,0.46134056888879194
210,217,181800,128933,52867,0.7092024202420242,670.6283108281045,1198.042029999811,67.13821496481461,91.77926422498106,0.2667549594576973,0.3799200996494141
211,218,181800,143517,38283,0.7894224422442244,920.7630594284998,1426.3916620954471,33.279439520408765,34.16361101927392,0.3821081091624282,0.399266369125672
212,219,181800,132460,49340,0.7286028602860286,838.3658764910161,1288.0154033238753,74.53494135836326,96.47329355880805,0.39595858640546944,0.4940995143035621
213,220,181800,104989,76811,0.5774972497249725,874.5313890026574,1245.9465441147752,92.55333746806807,103.4413650987875,0.3346911579165267,0.36118528953108986
214,221,181800,138029,43771,0.7592354235423542,729.2773547587826,1436.4316099700716,71.22850697726766,96.66622035365198,0.2792416623416699,0.3762851140153833
215,222,181800,114336,67464,0.6289108910891089,868.5522670025189,1222.526503023835,66.90338972516999,70.00210165007745,0.34408538692570617,0.37086934365529145
216,223,181800,158914,22886,0.8741144114411441,669.9983135532426,1275.496285939002,111.79792536561224,125.51652341804481,0.37196116428903153,0.4199953053387835
217,224,181800,129054,52746,0.7098679867986799,901.0453298619183,1317.604823114549,32.636219783820025,44.59716339300812,0.3580087896286984,0.44121017715634236
218,225,181800,116680,65120,0.6418041804180418,998.0120671923208,1337.7110565110565,97.60247075104084,120.59629285153945,0.32657406225897573,0.41090626118141765
219,226,181800,158376,23424,0.8711551155115511,758.150780421276,1414.2776639344263,304.5441488405788,455.02567791417647,0.359542042731952,0.5434473268445988
220,227,181800,159419,22381,0.8768921892189219,754.3207271404286,1184.8832491845762,29.647626008648178,36.252617289087766,0.31869028528301574,0.40017168686984983
221,228,181800,158048,23752,0.8693509350935094,793.6412229196194,1048.0730885820142,46.9218750468486,65.2457923100588,0.30027304876584043,0.4125327844738599
222,229,181800,149985,31815,0.825,671.9023902390239,1199.3927392739274,49.690642014323,62.89231554133589,0.3158457104931729,0.41747290596129405
223,230,181800,130388,51412,0.7172057205720572,783.197778936712,1079.3142457013926,184.35893346368306,265.85492072286826,0.30928008895803144,0.42620983610846586
224,231,181800,168262,13538,0.9255335533553355,829.4116556322878,849.7733786379081,117.91080163383309,136.22187336749667,0.3772343202248986,0.39903413705018165
225,232,181800,118790,63010,0.6534103410341034,687.8348682549037,1178.6692905887953,42.53694551273301,66.64688201205652,0.31792451471043043,0.45257543760303504
226,233,181800,155586,26214,0.8558085808580858,700.6475646909105,950.5525291828794,791.6367186434927,1023.723090939803,0.29300124491804425,0.37269484768963757
227,234,181800,131534,50266,0.7235093509350935,697.7036507671021,868.0837146381252,33.03168517179769,42.38723602184122,0.30470146708516593,0.36889353366464556
228,235,181800,143163,38637,0.7874752475247525,710.6970935227678,1135.2688873359732,32.129058681385914,40.682451665507905,0.2895247104801139,0.3731327412723893
229,236,181800,181565,235,0.9987073707370737,833.6182854625065,227.13191489361702,4850.05446427366,24873.60431349734,0.4119425389531101,0.5428724919227843
230,237,181800,167048,14752,0.9188558855885589,816.2390690101049,1364.0368763557483,112.16046675957058,163.19581932721582,0.27630971509856767,0.3885887210598769
231,238,181800,157775,24025,0.8678492849284929,636.5481476786563,1412.678459937565,37.39693706533607,51.859792946885946,0.3402709497726959,0.4484259625093994
232,239,181800,161909,19891,0.8905885588558856,796.9036434046285,1400.4798149917049,34.15902657687882,42.8280790226473,0.3016159300059869,0.37518947636204353
233,240,181800,173564,8236,0.9546974697469747,811.2077158857828,1674.3409422049538,81.97113170688836,118.99963203734018,0.34887300221162876,0.4375490040896933
234,241,181800,131023,50777,0.7206985698569857,706.6500996008334,1181.3532898753372,32.53291880756811,40.57684676681979,0.3657629271296078,0.4551039891694256
235,242,181800,163995,17805,0.902062706270627,663.2047562425684,908.0303285593934,32.66876218153713,41.95423948249935,0.25597729559593324,0.34284441986468295
236,243,181800,116465,65335,0.6406215621562156,815.1975614991628,1307.1075533787402,47.06329710366762,51.175356505485865,0.28609673696620996,0.31816026717777907
237,244,181800,140030,41770,0.7702420242024203,824.6160394201243,1171.4258079961694,53.433834356642926,70.79517886952004,0.2974915407730504,0.39721668133766763
238,246,181800,106969,74831,0.5883883388338834,717.418915760641,1104.7655650732986,295.62032026784044,420.2504321450314,0.4504114462996555,0.5588019995018815
239,247,181800,64953,116847,0.35727722772277226,679.8340954228443,1116.6403245269455,42.21140991075741,55.74500236477604,0.467670464447137,0.5209001255855451
240,248,181800,122160,59640,0.671947194719472,758.8361493123772,1364.5718309859155,103.1216245857656,131.35670250343205,0.45790869969089065,0.5161685206270874
241,249,181800,159461,22339,0.8771232123212321,865.0645361561761,1256.0726979721562,38.758867319811344,44.6008655121698,0.28896618793315343,0.3452830125301632
242,250,181800,113581,68219,0.6247579757975797,677.1213495214869,1222.7137894135064,271.4652534098829,333.5084478012338,0.3804176379387418,0.4498261747677182
243,251,181800,67905,113895,0.3735148514851485,816.413165451734,1207.9563808771236,128.96198403765953,133.61970968800352,0.4360623029486858,0.45412707514212125
244,252,181800,148715,33085,0.818014301430143,729.2599670510708,808.9432673416957,33.50586218336774,41.16044793281019,0.34987208234279066,0.3949818066452067
245,253,181800,60426,121374,0.3323762376237624,752.637473935061,1104.6812002570566,59.85217716827004,69.29603944455003,0.33710463112998507,0.3733241087982565
246,254,181800,165014,16786,0.9076677667766777,767.5963978813919,1087.3761467889908,344.8958132462716,397.8370375454277,0.3486549930766508,0.41149858611425144
247,255,181800,117130,64670,0.6442794279427942,745.8490224536839,1083.857368176898,201.73188220147622,251.54906421671404,0.4885687486140009,0.5575370669756641
248,256,181800,117676,64124,0.6472827282728273,766.6547469322546,976.9640072359803,47.36221464283466,53.2501006559784,0.36902046426695095,0.4036437624816915
249,257,181800,103627,78173,0.570005500550055,859.0458471247841,1160.50175891932,44.39028448271082,48.00748501980735,0.31005581115777203,0.34456278439049115
250,258,181800,140814,40986,0.7745544554455446,767.3557458775406,1063.7646025472113,49.70954493234642,64.89668895091516,0.38030017144534,0.47096931695129535
251,259,181800,79388,102412,0.4366776677667767,880.6541038947952,1122.4984572120454,62.687294454762466,62.02781672910364,0.35907903414281744,0.3579406647281326
252,260,181800,163419,18381,0.8988943894389438,964.4797238999137,1398.9045209727435,32.40077669864055,42.548958262605474,0.3723807886349278,0.4519347787522743
253,261,181800,109600,72200,0.6028602860286029,824.3266423357665,1310.413296398892,35.31077668059481,39.9911099817482,0.333382976942417,0.37509657177217615
254,262,181800,169089,12711,0.9300825082508251,856.545038411724,1396.5107387302337,297.63483912480797,416.25160973202037,0.28056833802594794,0.41511184302324317
255,263,181800,99383,82417,0.5466611661166116,811.10113399676,1203.3322251477243,92.57392741338295,96.20215263280146,0.4348080616989032,0.43896600022887255
256,264,181800,127789,54011,0.7029097909790979,818.3911917301176,880.304234322638,255.90365070685445,297.05112663043457,0.3945410828423635,0.4643800367679724
257,265,181800,127289,54511,0.7001595159515952,823.9770600758903,1306.7392636348627,47.02086407818977,56.77717464598389,0.3445386518364542,0.4076308272023829
258,266,181800,150240,31560,0.8264026402640264,783.6586261980831,1141.2448669201522,173.62814200825838,203.75104839049365,0.31394051128762346,0.3952859237714563
259,267,181800,141294,40506,0.7771947194719472,677.548261072657,1236.2778847578136,84.70797640744063,101.76656869664072,0.2842018910920678,0.34388811786689916
260,268,181800,165578,16222,0.9107700770077007,786.2709780284821,1359.444211564542,390.86372991321207,544.5257999804411,0.3205320514471905,0.48463620820853526
261,269,181800,145795,36005,0.801952695269527,639.4136973147228,1061.954506318567,26.51294616564754,36.7856195830981,0.2868093057468093,0.37335781397057677
262,270,181800,132437,49363,0.7284763476347634,656.0236187772299,1285.6401758402042,133.44869238526107,166.09396004536268,0.3474876189540929,0.4633380129803252
263,271,181800,145474,36326,0.8001870187018701,729.8013390708993,1043.8387931509112,222.1371500642056,301.75437510135004,0.284917187240834,0.36228933146328335
264,272,181800,106206,75594,0.5841914191419142,665.3337099598892,1124.6086197317247,63.487282907282825,83.41462397651703,0.2969710441934218,0.3626043159840605
265,273,181800,141143,40657,0.7763641364136413,603.5489113877416,1045.0362791155273,31.815760359243118,38.24468623953515,0.2728691924945013,0.3394586972795709
266,274,181800,154542,27258,0.8500660066006601,756.9963893310556,1397.668500990535,42.32957682951615,53.672934635097135,0.40065081332439734,0.46183477201852946
267,275,181800,119938,61862,0.6597249724972497,813.0410712201304,1327.2591251495264,41.75414024969515,48.66549912284014,0.31228933254753405,0.36584078759944527
268,276,181800,118850,62950,0.6537403740374037,717.768615902398,927.5231771247021,925.6226949250282,1094.1288319209116,0.399691971636992,0.41807875932351857
269,277,181800,142232,39568,0.7823542354235423,808.7270375161708,1363.4824100283056,122.5279229008727,155.3418356582697,0.3572403788789742,0.4574313749793843
270,278,181800,121564,60236,0.6686688668866887,709.094929419894,1334.726475861611,107.75236432808322,148.46021783528428,0.35693078929162037,0.4965437163060599
271,279,181800,105297,76503,0.5791914191419142,704.4428616199891,1256.919493353202,95.29152104755342,110.08963758441877,0.30471663003260624,0.3591813602248508
272,280,181800,150195,31605,0.8261551155115512,724.8167781883551,1176.0835310868533,215.88687226243945,274.61854441117265,0.31250178098714304,0.4062210006948476
273,281,181800,158409,23391,0.8713366336633663,744.2604397477417,1311.6655123765552,527.3182001918148,753.0279357187368,0.28996712296326516,0.43380815837775794
274,282,181800,159577,22223,0.8777612761276128,813.0618322189288,945.91837285695,63.400163711087735,83.14093689574564,0.29778660054405415,0.38179678430368647
275,283,181800,126714,55086,0.696996699669967,701.2546048581846,1113.3118396688815,39.05914706537488,52.49396246771007,0.27523687522039497,0.3450536090633524
276,284,181800,53898,127902,0.2964686468646865,735.083157074474,1227.9155603508937,97.94017887770158,123.1424173218891,0.39043618069677666,0.442360912430391
277,285,181800,166491,15309,0.9157920792079208,862.0575526605041,1334.6000391926318,43.09992255676289,60.49851023949168,0.3230022721593969,0.499933635256418
278,286,181800,158832,22968,0.8736633663366337,704.0625566636446,1177.4012539184953,62.469519462171874,84.1868414656288,0.30889577404408747,0.42159883555340166
279,287,181800,100033,81767,0.5502365236523652,745.9184069257145,955.7299154915797,70.90285958564316,109.90073683178858,0.4021528935539359,0.5783492035733084
280,288,181800,106291,75509,0.5846589658965896,781.1040257406554,1217.171145161504,124.13446475584907,145.7664214756885,0.44857457800566186,0.5577229954628222
281,289,181800,123446,58354,0.679020902090209,830.6151029599987,1356.6333756040717,143.73226277808865,185.25636537575872,0.3655204352299165,0.4840502978631663
282,290,181800,149446,32354,0.8220352035203521,792.9855600016059,1613.4121283303455,2563.911035419511,3527.428135964973,0.3606490449101188,0.43697220679247506
283,291,181800,167892,13908,0.9234983498349835,713.4181974126224,863.3891285591027,99.65235417033414,160.38433011263172,0.30221035373783584,0.40143185580534463
284,292,181800,175285,6515,0.9641639163916391,734.1698376929002,1003.92202609363,418.6132295900088,731.1971921017604,0.1878399262883739,0.2753919048805193
285,293,181800,152742,29058,0.8401650165016502,783.7102565109793,916.6136692132975,202.68360458533164,277.2351423971536,0.3262813764803401,0.44386204620157255
286,294,181800,120723,61077,0.664042904290429,669.847369598171,993.2220639520605,126.33936778893326,207.40627335024183,0.28096106965080764,0.37959848188085477
287,295,181800,18376,163424,0.10107810781078108,562.9786678276013,1177.6702075582534,212.1023681260318,219.06777233673165,0.4151466926872004,0.4970790494531714
288,296,181800,177610,4190,0.976952695269527,792.3557907775463,725.9341288782816,939.1940494262221,1543.6463001624497,0.25675221495873574,0.3762745720958937
289,297,181800,173520,8280,0.9544554455445544,778.3690179806363,1349.568115942029,159.72252777707692,279.10498623133856,0.29231015069679855,0.4445781762293283
290,299,181800,104444,77356,0.5744994499449945,1104.6038834207804,1279.2770050157712,55.47679812644014,68.30651898980541,0.7427751347662288,0.9555646338940678
291,300,181800,87585,94215,0.4817656765676568,812.2645658503168,1301.5787295016717,177.4988512978105,210.9098221804226,0.42144811157648193,0.4751830623736081
292,301,181800,159311,22489,0.8762981298129813,820.927418696763,1218.0674996665036,548.449847768966,673.9818193967528,0.27987497673095707,0.4412317186696049
293,302,181800,116556,65244,0.6411221122112212,802.5829300936889,1172.8854147507816,1125.9935647451362,1670.0518709844248,0.34225935838686244,0.3612851556994619
294,303,181800,68176,113624,0.375005500550055,1045.2965266369397,1117.0244314581425,122.77308730087603,221.56199988601728,0.5953475472551627,0.6438325929709814
295,304,181800,176862,4938,0.9728382838283829,662.3038979543372,1124.4665856622114,213.42669788597897,467.2534839047648,0.27400237845383074,0.5009790362134642
296,305,181800,97296,84504,0.5351815181518151,757.3295510606808,1293.775347912525,133.7877367619052,189.87216297176022,0.3665009852524193,0.5165640694884248
297,306,181800,146650,35150,0.8066556655665567,731.0534197067849,944.4945661450924,356.8681393709908,430.2644203127431,0.21555665392036166,0.2745955734807007
298,307,181800,45893,135907,0.2524367436743674,585.6453925435252,1136.8050210805918,119.07699164325246,184.1281637877779,0.47127164239232905,0.5097694270102218
299,308,181800,155287,26513,0.8541639163916391,807.4880189584447,1131.1610153509598,1240.397844869767,1570.425295786501,0.2840681808948439,0.389947041041852
300,309,181800,53450,128350,0.294004400440044,674.9819270346118,1120.2938215816127,665.2951544532026,779.7767417307944,0.3628952286899146,0.37549748387209486
301,310,181800,106758,75042,0.5872277227722772,825.2827516439049,1300.3438074678181,91.65776158242753,100.2561849697462,0.4402542269070671,0.8031184937412661
302,311,181800,149050,32750,0.8198569856985699,588.7588862797719,1539.259603053435,364.5385425202921,492.45933314199664,0.30692630744608246,0.38008450442962066
303,312,181800,160601,21199,0.8833938393839383,630.6722872211257,1418.3831312797774,212.36235180460855,262.2972011842381,0.281862009106922,0.35901127204272965
304,313,181800,180386,1414,0.9922222222222222,563.7653032940472,1919.3041018387553,48462.13039320887,81344.25869099186,0.3327949630694444,0.6417083324392918
305,314,181800,166116,15684,0.9137293729372937,639.536516651015,1683.8469778117826,1647.5532256849335,2225.0374042537255,0.2444841978817772,0.3644342974381266
306,315,181800,138629,43171,0.7625357535753575,602.7919699341408,1400.4818049153366,3323.3802239791626,3775.283507948745,0.3416108702936893,0.5170897691706736
307,316,181800,122936,58864,0.6762156215621562,772.1891065269734,1223.3423484642567,61.642148012499604,114.15176871666023,0.30240738177684756,0.480838780365297
308,317,181800,110678,71122,0.6087898789878988,1193.8814940638608,1313.3910744917184,24.67126726589342,30.622139911335694,0.6956076756566448,1.133879027606391
309,318,181800,172213,9587,0.9472662266226622,1098.878853512801,1389.2587879420048,326.7108343160529,524.2649631868304,0.7423124966514069,1.2848072772766161
310,319,181800,124262,57538,0.6835093509350935,1250.7584297693584,1239.866244916403,123.12226379171535,219.51414548592862,0.44438581508617075,0.8545406390371402
311,OT,181800,171283,10517,0.9421507150715072,971.9812941155865,747.591898830465,398.2263130703391,512.0038855606083,0.8073263242997797,0.9933976486029139
